job_id,backend,created_utc,completed_utc,qpu_seconds,status,block
daptkdj18flc739mst4g,ibm_fez,2026-09-23T13:55:02.820Z,2026-09-23T13:55:17.303Z,7,completed,A
daptkhic505c73ciqe10,ibm_fez,2026-09-23T13:55:18.684Z,2026-09-23T13:55:34.994Z,11,completed,A
daptkm4ak42c73cj6n6g,ibm_fez,2026-09-23T13:55:36.309Z,2026-09-23T13:56:07.301Z,20,completed,A
daptku318flc739mstsg,ibm_fez,2026-09-23T13:56:08.658Z,2026-09-23T13:57:08.504Z,37,completed,A
daptldgr7bnc73b421qg,ibm_fez,2026-09-23T13:57:10.403Z,2026-09-23T13:58:39.054Z,72,completed,A
daptm42c505c73ciqg20,ibm_fez,2026-09-23T13:58:40.496Z,2026-09-23T14:00:06.330Z,74,completed,A
daptmq318flc739mt000,ibm_fez,2026-09-23T14:00:08.186Z,2026-09-23T14:00:20.815Z,7,completed,B
daptmtcak42c73cj6po0,ibm_fez,2026-09-23T14:00:21.973Z,2026-09-23T14:01:12.146Z,11,completed,B
daptnaac505c73ciqhog,ibm_fez,2026-09-23T14:01:13.465Z,2026-09-23T14:01:49.262Z,20,completed,B
daptnjj18flc739mt10g,ibm_fez,2026-09-23T14:01:50.613Z,2026-09-23T14:02:41.939Z,37,completed,B
dapto0r18flc739mt1g0,ibm_fez,2026-09-23T14:02:43.595Z,2026-09-23T14:04:15.389Z,72,completed,B
daptoo8r7bnc73b425s0,ibm_fez,2026-09-23T14:04:17.118Z,2026-09-23T14:05:42.763Z,74,completed,B
daptpdqc505c73ciqk6g,ibm_fez,2026-09-23T14:05:43.838Z,2026-09-23T14:05:53.455Z,4,completed,C
